,Real_GDP,CPI,Unemployment_Rate,Federal_Funds_Rate,Labor_Force_Participation_Rate,Industrial_Production,Vehicle_Sales,Disposable_Income,Personal_Consumption_Expenditures,10Y_Treasury_Rate,CPALTT01USM657N,Real_GDP,CPI,Unemployment_Rate,Federal_Funds_Rate,Labor_Force_Participation_Rate,Industrial_Production,Vehicle_Sales,Disposable_Income,Personal_Consumption_Expenditures,10Y_Treasury_Rate,CPALTT01USM657N
2010-01-31,-1.6612206226580502,-1.4322439208680031,1.648483960314467,-0.6156599763147079,2.0956897770128804,-2.5801181592344906,-2.269469996529638,-1.4924280596402686,-1.4482265343730216,1.9046623411008856,0.3916104104669277,,,,,,,,,,,
2010-02-28,-1.6249343180546691,-1.4427680568977297,1.648483960314467,-0.5922633974340515,2.210160227017796,-2.498748349913765,-2.536812492371334,-1.4846812184124694,-1.4299177572693234,1.8773804271157848,-0.5135095064132481,,,,,,,,,,,
2010-03-31,-1.5886480134512866,-1.4391074878439114,1.6930530240595374,-0.5571685291130669,2.210160227017796,-2.334615147478044,-1.8629058895316264,-1.451933207767682,-1.3991904262588262,2.1911224379444496,0.5883917358182653,,,,,,,,,,,
2010-04-30,-1.5523617088479056,-1.4365654260009832,1.6930530240595374,-0.5103753713517541,2.553571577032507,-2.2496839573497502,-2.009990515271521,-1.383127172498957,-1.3862810204189533,1.9865080830561896,-0.0885052671484598,,,,,,,,,,,
2010-05-31,-1.5230903505074993,-1.442310485766003,1.5593458328243257,-0.5103753713517541,2.210160227017796,-1.929908090780413,-1.7435730799690703,-1.3210820168472193,-1.3722917403263148,1.4681517173392653,-0.3632430920334327,,,,,,,,,,,
2010-06-30,-1.4938189921670917,-1.4469370383201328,1.4702077053341849,-0.5337719502324105,1.8667488770030676,-1.874267967438994,-1.9433861564459085,-1.3160817829638214,-1.3622292756982768,1.0043591795925433,-0.8636067778040879,,,,,,,,,,,
2010-07-31,-1.4645476338266852,-1.4262954961555498,1.4702077053341849,-0.5337719502324105,1.8667488770030676,-1.785233447249807,-1.7815005620780997,-1.3049545019275284,-1.344165924561115,0.9634363086148908,-0.5244124067234559,,,,,,,,,,,
2010-08-31,-1.4447235873460895,-1.4101279828345203,1.514776769079255,-0.5220736607920824,1.981219327007982,-1.6971537900307672,-1.7509735642830273,-1.2775588543128558,-1.3250226991711889,0.3223113299650107,-0.190271460375094,,,,,,,,,,,
2010-09-30,-1.4248995408654952,-1.3922318674602994,1.514776769079255,-0.5220736607920824,1.8667488770030676,-1.6321714938463103,-1.7935263490882796,-1.2777701318008874,-1.3152056605096885,0.4041570719203141,-0.4185116539683982,,,,,,,,,,,
2010-10-31,-1.4050754943848995,-1.3535925274477778,1.4702077053341849,-0.5220736607920824,1.6378079769932703,-1.697463475318381,-1.565961456434103,-1.2770658735074512,-1.2860981408783394,0.5405666418458207,-0.228971624817148,,,,,,,,,,,
2010-11-30,-1.4143148930872718,-1.3253756409912645,1.648483960314467,-0.5220736607920824,1.8667488770030676,-1.6811017692894112,-1.6186899071710457,-1.269952864743744,-1.2629299296371976,0.7861038677117327,-0.4645322797532329,,,,,,,,,,,
2010-12-31,-1.4235542917896455,-1.2805336700819954,1.4256386415891145,-0.5337719502324105,1.5233375269883556,-1.4496378239048249,-1.477618174936241,-1.2209364875205782,-1.2445720673401917,1.4545107603467142,-0.0937744398514149,,,,,,,,,,,
2011-01-31,-1.432793690492018,-1.2441821857281092,1.336500514098973,-0.5454702396727387,1.408867076983457,-1.4999100689275895,-1.384649590742157,-1.182695262186988,-1.2233181786380432,1.6182022442573225,0.7760702141813537,,,,,,,,,,,
2011-02-28,-1.406852339151631,-1.2080340663216584,1.2919314503539026,-0.5571685291130669,1.2943966269785423,-1.5964802644487317,-1.2574537665960213,-1.1597364418209646,-1.2104087727981694,1.6182022442573225,0.8241035240027593,,,,,,,,,,,
2011-03-31,-1.380910987811244,-1.149668326408007,1.2919314503539026,-0.5805651079937233,1.408867076983457,-1.345402917515225,-1.1751233786032491,-1.1834699463097682,-1.1715823848919342,1.686407029220076,2.201012074246555,,,,,,,,,,,
2011-04-30,-1.354969636470857,-1.096437551417072,1.336500514098973,-0.6273582657550361,1.408867076983457,-1.429405051780673,-1.1441338505385543,-1.1989636287653664,-1.1556787822603036,1.4817926743318155,1.2549319780906505,,,,,,,,,,,
2011-05-31,-1.356462875075339,-1.0601877495369023,1.2919314503539026,-0.6390565551953643,1.2943966269785423,-1.3944880356021303,-1.6279405125634927,-1.2117107038765624,-1.1458126584054953,1.113486835532948,0.7592027656390085,,,,,,,,,,,
2011-06-30,-1.3579561136798222,-1.0601877495369023,1.336500514098973,-0.6390565551953643,1.179926176973644,-1.3299702673490963,-1.8101774387946836,-1.180230358159961,-1.1347194047180005,1.2908192764361068,-0.8906609537223945,,,,,,,,,,,
2011-07-31,-1.3594493522843043,-1.0302422610271975,1.2919314503539026,-0.6624531340760206,1.179926176973644,-1.2069219797369102,-1.424427193929675,-1.1515670456171032,-1.1166560535808383,0.799744824704283,-0.3315756090976325,,,,,,,,,,,
2011-08-31,-1.316261155713593,-0.994094141620747,1.2919314503539026,-0.6273582657550361,1.2943966269785423,-1.049059904375386,-1.4780807052058638,-1.1572011119645935,-1.107477122432336,-0.0050716378562051,0.2030925523703468,,,,,,,,,,,
2011-09-30,-1.2730729591428818,-0.9691310943231828,1.2919314503539026,-0.6507548446356924,1.408867076983457,-1.0627634783523308,-1.130257942449885,-1.1688917996356365,-1.091328093834167,-0.4279413046252754,-0.1509049552813542,,,,,,,,,,,
2011-10-31,-1.2298847625721705,-0.96135238508382,1.2027933228637615,-0.6624531340760206,1.2943966269785423,-0.8934946615636694,-0.9572716216111408,-1.1597364418209646,-1.0816583107525892,-0.0869173798115091,-1.17397727471016,,,,,,,,,,,
2011-11-30,-1.198038871645123,-0.940049906840074,1.1136551953736202,-0.6507548446356924,1.2943966269785423,-0.8892622959662693,-0.9512587281060508,-1.162835178312084,-1.0797439882135969,-0.2096859927444648,-0.8256949944785439,,,,,,,,,,,
2011-12-31,-1.1661929807180769,-0.9373044800497105,1.0690861316285498,-0.6624531340760206,1.179926176973644,-0.7681753485089781,-0.9258195632768236,-1.082056752054942,-1.0743446169497717,-0.4688641756029274,-1.2893457263824042,,,,,,,,,,,
2012-01-31,-1.1343470897910295,-0.9058337544342484,0.9799480041384092,-0.6507548446356924,0.8365148269589322,-0.6158101870026117,-0.649688992312304,-1.02303990706498,-1.0355673142368442,-0.5507099175582311,0.6723562358669757,,,,,,,,,,,
2012-02-29,-1.116452972327276,-0.8810740720841194,0.9799480041384092,-0.6273582657550361,0.9509852769638308,-0.5388533930303903,-0.3814214359313634,-0.971136070838726,-0.9911942994868608,-0.3460955626699715,0.6731510412264358,,,,,,,,,,,
2012-03-31,-1.0985588548635217,-0.8567719608657184,0.935378940393338,-0.5922633974340515,0.9509852769638308,-0.6694373559745317,-0.5576454686574642,-0.938528911852625,-0.9879055915352584,-0.0050716378562051,1.5849327679490233,,,,,,,,,,,
2012-04-30,-1.0806647373997682,-0.8374522908594562,0.935378940393338,-0.5805651079937233,0.8365148269589322,-0.487935970325096,-0.4767026714735594,-0.8995130023962546,-0.9758306339816126,-0.3870184336476234,0.2783530643896999,,,,,,,,,,,
2012-05-31,-1.0737686679712692,-0.8615510371304248,0.935378940393338,-0.5571685291130669,0.8365148269589322,-0.4352894714306217,-0.6029734350804502,-0.8969072467105399,-0.9815736015985908,-0.8780928853794467,-0.919946981996606,,,,,,,,,,,
2012-06-30,-1.0668725985427716,-0.8711600308966964,0.935378940393338,-0.5571685291130669,0.9509852769638308,-0.4389798877746931,-0.6163868128994973,-0.902259609740656,-0.9899180844608664,-0.7689652294390417,-1.003628549113731,,,,,,,,,,,
2012-07-31,-1.0599765291142729,-0.8678045092640299,0.935378940393338,-0.5571685291130669,0.8365148269589322,-0.3788235206555657,-0.6566269463566382,-0.9628962488055208,-0.9766650822678404,-0.987220541319852,-1.05030600891104,,,,,,,,,,,
2012-08-31,-1.0556377672617043,-0.8002873467158332,0.8908098766482677,-0.5922633974340515,0.607573926949119,-0.4847358890197457,-0.6270250091008103,-0.9855029400248262,-0.9574236864912988,-0.905374799364548,1.0051674796844254,,,,,,,,,,,
2012-09-30,-1.051299005409135,-0.7445145098819702,0.7571026854130561,-0.5805651079937233,0.7220443769540257,-0.5034460418131269,-0.3240676824981966,-0.92289437773834,-0.9332246861907004,-0.796247143424143,0.6900745378086001,,,,,,,,,,,
2012-10-31,-1.0469602435565664,-0.7128404193190728,0.7571026854130561,-0.5571685291130669,0.9509852769638308,-0.4207342629127344,-0.4484883250265984,-0.8631028486255978,-0.9174683391389916,-0.7007604444762884,-0.6958131455505328,,,,,,,,,,,
2012-11-30,-1.012643655318708,-0.7326176604570617,0.7125336216679858,-0.5571685291130669,0.7220443769540257,-0.318047782961207,-0.1589443762430318,-0.7471115076966414,-0.8973434098829154,-0.8371700144017947,-1.938294840861583,,,,,,,,,,,
2012-12-31,-0.9783270670808496,-0.7340412150891015,0.801671749158127,-0.5571685291130669,0.8365148269589322,-0.254252613712605,-0.1561691946252978,-0.5297069725128575,-0.8959690244703048,-0.6189147025209845,-1.3540666800833674,,,,,,,,,,,
2013-01-31,-0.94401047884299,-0.7107559286078712,0.8462408129031973,-0.5805651079937233,0.8365148269589322,-0.2560849183309934,0.0061789300121338,-1.0598021899823549,-0.8642599895936586,-0.2915317346997688,0.2601478237592584,,,,,,,,,,,
2013-02-28,-0.9384506820763096,-0.646797652639775,0.7125336216679858,-0.568866818553395,0.4931034769442124,-0.1310494834566137,0.0283803829540048,-1.083746971959189,-0.8464420644230344,-0.4688641756029274,1.7550487065570677,,,,,,,,,,,
2013-03-31,-0.9328908853096294,-0.680098662782146,0.6233954941778447,-0.5805651079937233,0.3786330269393058,-0.023717724190864,-0.036373854793119,-1.0575485634433583,-0.8529213099396252,-0.4961460895880284,0.1622169321293915,,,,,,,,,,,
2013-04-30,-0.9273310885429492,-0.7047566626585589,0.6679645579229151,-0.568866818553395,0.4931034769442124,-0.0520023137929943,0.0052538694728889,-1.0315614324155593,-0.8576334884971456,-0.7280423584613898,-0.8817111955356369,,,,,,,,,,,
2013-05-31,-0.8957096079666979,-0.6998759039201348,0.6233954941778447,-0.6156599763147079,0.4931034769442124,-0.0291888309387232,0.0390185791553178,-0.9895876381267562,-0.8400609892930591,-0.1005583368040595,-0.076071523358398,,,,,,,,,,,
2013-06-30,-0.8640881273904466,-0.6718115411741981,0.6233954941778447,-0.6390565551953643,0.4931034769442124,0.0058830278836278,0.1615891006052306,-0.9874044374171034,-0.8285750540591035,0.3905161149277637,0.1008520725953617,,,,,,,,,,,
2013-07-31,-0.8324666468141954,-0.6486787784035428,0.5342573666877036,-0.6390565551953643,0.3786330269393058,-0.0717705579857237,0.1023852260935747,-0.9952217044742464,-0.8146839443530806,0.499643770868169,-0.4721454158348563,,,,,,,,,,,
2013-08-31,-0.8038350399278938,-0.6204110507101723,0.4896883029426332,-0.6507548446356924,0.3786330269393058,0.0768525729619633,0.0126543537868459,-0.974798213964594,-0.7999093011675219,0.7451809967340803,-0.2410466845625957,,,,,,,,,,,
2013-09-30,-0.7752034330415923,-0.6159370218666159,0.4896883029426332,-0.6507548446356924,0.2641625769344073,0.2131399066196752,0.0265302618755149,-0.9382472085352508,-0.7817477796437458,0.5542075988383717,-0.2524531718174277,,,,,,,,,,,
2013-10-31,-0.7465718261552907,-0.6095818672592933,0.4896883029426332,-0.6390565551953643,-0.193719223085219,0.1838746469400992,-0.033598673175385,-0.9638822104163316,-0.7565670754769962,0.4587208998905167,-1.3204185800993764,,,,,,,,,,,
2013-11-30,-0.7607674184321512,-0.5876692941732454,0.3559811117074217,-0.6507548446356924,0.0352216769245941,0.2468697958623627,0.1292119817316686,-0.9419797774904626,-0.7241217627007374,0.7042581257564287,-1.1681897811706488,,,,,,,,,,,
2013-12-31,-0.7749630107090091,-0.5561985685577834,0.2668429842172806,-0.6390565551953643,-0.0792487730803124,0.3009872998730073,0.0163545959438248,-0.9233169327144009,-0.7107215049277885,1.0998458785403975,-0.6092187185758691,,,,,,,,,,,
2014-01-31,-0.7891586029858695,-0.5272699047852496,0.2222739204722098,-0.6624531340760206,-0.0792487730803124,0.2042622617080564,-0.085864593642706,-0.8806388801321625,-0.7180351987306063,0.5951304698160234,0.4781078367412139,,,,,,,,,,,
2014-02-28,-0.7372744446703874,-0.5141020244388776,0.2668429842172806,-0.6624531340760206,-0.0792487730803124,0.4018672823134522,0.0894343785441497,-0.8340169811066795,-0.6828411151291272,0.581489512823473,0.4717259569440225,,,,,,,,,,,
2014-03-31,-0.6853902863549052,-0.4896473895099001,0.2668429842172806,-0.6507548446356924,0.1496921269295007,0.6575124872392716,0.5482644060094821,-0.7853527330302315,-0.6436711308697393,0.6769762117713274,1.2551075562506813,,,,,,,,,,,
2014-04-30,-0.6335061280394231,-0.4672772452921244,0.043997665491928,-0.6390565551953643,-0.193719223085219,0.673822579053641,0.4141306278190123,-0.7498581150410426,-0.6229571792939735,0.5951304698160234,0.3571230061105958,,,,,,,,,,,
2014-05-31,-0.5858323931164331,-0.4443986887057617,0.0885667292369984,-0.6390565551953643,-0.0792487730803124,0.7794510692375092,0.618569006992074,-0.7174622335429732,-0.6027340796512819,0.3359522869575611,0.4130755684838871,,,,,,,,,,,
2014-06-30,-0.5381586581934431,-0.4284853815690263,-0.0005713982531427,-0.6273582657550361,-0.193719223085219,0.8703178940450808,0.7938679791789289,-0.6806999506255982,-0.5735774748266252,0.4041570719203141,-0.0527257422825616,,,,,,,,,,,
2014-07-31,-0.4904849232704532,-0.4149107713277852,0.043997665491928,-0.6390565551953643,-0.0792487730803124,0.9422681092008656,0.6833232447391978,-0.654008561304363,-0.5533543751839336,0.4723618568830677,-0.6961756269363476,,,,,,,,,,,
2014-08-31,-0.471896710656833,-0.4168427383284104,-0.0005713982531427,-0.6390565551953643,-0.0792487730803124,0.8925636205387283,0.6657470944935499,-0.6109079537460628,-0.514282561311162,0.1586198460544027,-1.061941394611802,,,,,,,,,,,
2014-09-30,-0.4533084980432155,-0.4159784373018148,-0.0897095257432834,-0.6390565551953643,-0.193719223085219,0.9738043943229469,0.5362386189993021,-0.5809769762750203,-0.5112883645194041,0.3905161149277637,-0.3697076792589288,,,,,,,,,,,
2014-10-31,-0.4347202854295954,-0.4183679754341679,-0.1788476532334245,-0.6390565551953643,-0.0792487730803124,0.9752753994391172,0.4423449742659732,-0.5411863826958698,-0.4766342180443068,0.1586198460544027,-1.3024189923774558,,,,,,,,,,,
2014-11-30,-0.4008981277808398,-0.441094008309954,-0.1342785894883542,-0.6390565551953643,-0.0792487730803124,1.138195667831678,0.53161331630308,-0.4936489478889201,-0.4653937087768887,-0.0732764228189582,-2.1272259618720737,,,,,,,,,,,
2014-12-31,-0.3670759701320868,-0.4782589524535769,-0.2234167169784953,-0.6039616868743797,-0.193719223085219,1.1356923784234616,0.6375327480465889,-0.4318854955545568,-0.4608778709925981,-0.0869173798115091,-2.20455549538129,,,,,,,,,,,
2015-01-31,-0.3332538124833313,-0.5547750139257421,-0.1788476532334245,-0.6156599763147079,-0.0792487730803124,0.9307839464518256,0.5144996963270533,-0.3796295301815834,-0.4761433661112317,-0.755324272446491,-1.9290974692432803,,,,,,,,,,,
2015-02-28,-0.3089379199000576,-0.5245244779948861,-0.2679857807235656,-0.6156599763147079,-0.3081896730901175,0.764947474934226,0.5066366817434742,-0.3464589645607351,-0.4532696660299352,-0.3188136486848701,0.6560304487239483,,,,,,,,,,,
2015-03-31,-0.2846220273167839,-0.492291133826546,-0.312554844468636,-0.6156599763147079,-0.4226601230950241,0.6752161628479051,0.9687044210961626,-0.3732912055406568,-0.4291688361159509,-0.4006593906401741,1.1156020955131851,,,,,,,,,,,
2015-04-30,-0.2603061347335102,-0.4797841895593345,-0.312554844468636,-0.6039616868743797,-0.193719223085219,0.5257413973592754,0.8738857158235896,-0.3527972892016617,-0.410467377465793,-0.2506088637221171,-0.0039464171919537,,,,,,,,,,,
2015-05-31,-0.2466704766076077,-0.4401788660464996,-0.2234167169784953,-0.6039616868743797,-0.0792487730803124,0.4031834447858138,0.9922934648469014,-0.3373740325754059,-0.379396450102143,-0.1551221647742622,0.8714889128496183,,,,,,,,,,,
2015-06-30,-0.2330348184817053,-0.4068270146672697,-0.3571239082137068,-0.5922633974340515,-0.3081896730901175,0.3255814731310626,0.9626915275910736,-0.3317399662279156,-0.36138218415829,0.1586198460544027,0.4160067217515742,,,,,,,,,,,
2015-07-31,-0.2193991603558028,-0.3876598683715854,-0.4016929719587772,-0.5922633974340515,-0.4226601230950241,0.4951599752073378,1.1588043619109332,-0.3096262558140162,-0.3333054535863979,-0.0459945088338568,-0.5655495926670429,,,,,,,,,,,
2015-08-31,-0.2132129554531719,-0.3877107096084442,-0.4462620357038479,-0.5805651079937233,-0.4226601230950241,0.4358552426291494,1.2059824494124092,-0.287935100376179,-0.3176963621146123,-0.0323535518413065,-0.9893099432613712,,,,,,,,,,,
2015-09-30,-0.2070267505505409,-0.4149107713277852,-0.4908310994489183,-0.5805651079937233,-0.6516010231048374,0.3656082965552462,1.1440033932830194,-0.2618071176896923,-0.3191198327205297,-0.2369679067295661,-1.0294427803112824,,,,,,,,,,,
2015-10-31,-0.2008405456479099,-0.4029630806660178,-0.4908310994489183,-0.6039616868743797,-0.5371305730999307,0.2476698161886975,1.1435408630133963,-0.2422287371321638,-0.3162238063153872,-0.1005583368040595,-0.7131708499452406,,,,,,,,,,,
2015-11-30,-0.1758798068890542,-0.3885241693981811,-0.4462620357038479,-0.6039616868743797,-0.5371305730999307,0.0491357397204602,1.1657423159552682,-0.243707679548379,-0.2989458182711458,-0.0323535518413065,-1.1876894166327314,,,,,,,,,,,
2015-12-31,-0.1509190681301958,-0.4015395260339779,-0.4908310994489183,-0.4635822135904414,-0.3081896730901175,-0.0862225380744027,0.7827672527079946,-0.198423871280426,-0.2816187450335976,0.0494921901139974,-1.5609103279038012,,,,,,,,,,,
2016-01-31,-0.12595832937134,-0.4070812208515638,-0.5799692269390594,-0.3465993191871595,-0.3081896730901175,0.0560778515844898,1.0501097485496904,-0.1634926599259856,-0.2721453027252489,-0.4006593906401741,-0.1124405640688102,,,,,,,,,,,
2016-02-29,-0.1130720805142039,-0.4231470516988743,-0.5354001631939886,-0.2998061614258467,-0.193719223085219,-0.0765706799437511,1.0547350512459126,-0.1532809146711594,-0.2357240892910822,-0.6734785304911871,-0.3495648225507184,,,,,,,,,,,
2016-03-31,-0.1001858316570651,-0.3853211714760896,-0.4908310994489183,-0.3232027403065032,0.0352216769245941,-0.2716982182482289,0.689336138244287,-0.1525062305483792,-0.2452957019860453,-0.6189147025209845,0.6454473832403524,,,,,,,,,,,
2016-04-30,-0.0872995827999289,-0.3389539634610642,-0.4462620357038479,-0.3115044508661749,-0.0792487730803124,-0.19481884559791,0.8623224590830325,-0.1702535395429743,-0.2064202288865026,-0.5507099175582311,0.7697388852545504,,,,,,,,,,,
2016-05-31,-0.0616056893598786,-0.3102286646359657,-0.5799692269390594,-0.3115044508661749,-0.3081896730901175,-0.2533493649570656,0.8775859579805677,-0.1751129217676844,-0.1875715146564216,-0.5370689605656804,0.5711100435206864,,,,,,,,,,,
2016-06-30,-0.0359117959198257,-0.2764192421250079,-0.5354001631939886,-0.2998061614258467,-0.3081896730901175,-0.1328301738603979,0.8919243963388604,-0.1706056686896924,-0.1496286602297212,-1.0145024553049533,0.3535838829382906,,,,,,,,,,,
2016-07-31,-0.0102179024797755,-0.2825710317848968,-0.5799692269390594,-0.2881078719855185,-0.193719223085219,-0.0914097666419465,1.0746238528396732,-0.1384914905089973,-0.1403515586946033,-1.0554253262826054,-1.0469779565965458,,,,,,,,,,,
2016-08-31,0.0111486315795842,-0.2599975226196871,-0.5354001631939886,-0.2764095825451904,-0.0792487730803124,-0.1189975643469466,0.9793426172974772,-0.1301812426464495,-0.126018682248813,-0.8917338423719974,-0.3223239235104808,,,,,,,,,,,
2016-09-30,0.032515165638944,-0.227916702161922,-0.4908310994489183,-0.2764095825451904,-0.0792487730803124,-0.1451917782576789,0.9941435859253912,-0.1094760488194228,-0.0980401220635362,-0.8644519283868961,0.1020770183443567,,,,,,,,,,,
2016-10-31,0.0538816996983038,-0.1991914033368221,-0.5354001631939886,-0.2764095825451904,-0.193719223085219,-0.1235396152319606,1.0020066005089705,-0.0958134379267577,-0.0875849758890375,-0.5370689605656804,-0.2285289233680933,,,,,,,,,,,
2016-11-30,0.0724492908202277,-0.1847016508321265,-0.6245382906841298,-0.2647112931048622,-0.3081896730901175,-0.2299165115275631,0.9182886217073316,-0.0746152632943263,-0.0750682515956243,0.1859017600395041,-1.0290726185195995,,,,,,,,,,,
2016-12-31,0.0910168819421542,-0.1536376551115336,-0.6245382906841298,-0.1126335303805957,-0.3081896730901175,-0.0735512483895079,1.1463160446311305,-0.0552481602248283,-0.0214181353105238,0.2950294159799094,-0.4911936584826899,,,,,,,,,,,
2017-01-31,0.1095844730640781,-0.1037624017532653,-0.6245382906841298,0.0160476534630143,-0.193719223085219,-0.1177846303037896,0.8576971563868087,-0.0116545718611208,0.0068058508412903,0.2950294159799094,1.0801791923728623,,,,,,,,,,,
2017-02-28,0.1314490767993124,-0.0840360018521354,-0.6691073544292006,0.0277459429033425,-0.0792487730803124,-0.1996189675559374,0.8798986093286805,0.0138395783612721,0.0157393560232563,0.1722608030469531,0.3140885509120191,,,,,,,,,,,
2017-03-31,0.153313680534544,-0.0898319028540139,-0.7582454819193413,0.179823705627609,-0.0792487730803124,-0.0306340289475915,0.576941282726066,0.0539823010871407,0.0406255490301598,0.2268246310171557,-0.3525012618197933,,,,,,,,,,,
2017-04-30,0.1751782842697782,-0.07452869055958,-0.7582454819193413,0.308504889471219,0.0352216769245941,0.2227659576430284,0.6421580507428111,0.0709549259589556,0.052798676970421,0.0767741040990987,0.2624987587493431,,,,,,,,,,,
2017-05-31,0.2112722024859374,-0.084137684325853,-0.7582454819193413,0.3202031789115472,-0.193719223085219,0.2445729633125518,0.587579478927379,0.136310095589843,0.0545166587361836,-0.0323535518413065,-0.3405242989112767,,,,,,,,,,,
2017-06-30,0.2473661207020938,-0.0760539276653375,-0.802814545664412,0.4722809416358137,-0.193719223085219,0.2899418579480879,0.611631052947739,0.1381411671527777,0.0803845556092372,0.1040560180842001,-0.3255575964180896,,,,,,,,,,,
2017-07-31,0.283460038918253,-0.0719866287166518,-0.802814545664412,0.6009621254794236,-0.0792487730803124,0.2452955623169877,0.6712974577290178,0.1634944657164841,0.0917723204565783,0.0904150610916491,-0.7818030259675489,,,,,,,,,,,
2017-08-31,0.3276885290935168,-0.0241958660695851,-0.7582454819193413,0.6126604149197519,-0.0792487730803124,0.1281312951694755,0.5737035708387092,0.1687764029172563,0.1117009089394247,-0.1551221647742622,0.2707604071010667,,,,,,,,,,,
2017-09-30,0.3719170192687806,0.0394573624773595,-0.802814545664412,0.6009621254794236,0.1496921269295007,0.1526738542129303,1.164817255416024,0.1814530521991096,0.1702595445552754,0.1313379320693014,0.9279609843592258,,,,,,,,,,,
2017-10-31,0.4161455094440444,0.0491680387173487,-0.8473836094094823,0.6009621254794236,-0.3081896730901175,0.4771208072037883,1.241597280173328,0.2012427102446697,0.1849851025475264,0.1995427170320544,-0.765267538722747,,,,,,,,,,,
2017-11-30,0.4469144732930586,0.0826215725702947,-0.8473836094094823,0.6126604149197519,-0.3081896730901175,0.5250962196767456,1.0154199783280171,0.2089895514724689,0.2323032288959591,0.2541065450022571,-0.5777546787509229,,,,,,,,,,,
2017-12-31,0.4776834371420701,0.1091098569736165,-0.8919526731545531,0.7764364670843467,-0.3081896730901175,0.5668521192901093,0.9728671935227636,0.2234268464879129,0.2957212986492534,0.2268246310171557,-0.7526375410898929,,,,,,,,,,,
2018-01-31,0.5084524009910844,0.1626965206225617,-0.9365217368996236,0.9051176509279564,-0.3081896730901175,0.5558066773651898,0.7901677370219509,0.2888524419481442,0.3052438261509088,0.663335254778777,0.9716246543981434,,,,,,,,,,,
2018-02-28,0.5396442267227314,0.1967601493178108,-0.8919526731545531,0.9168159403682848,0.0352216769245941,0.6491767915809816,0.7684288143497019,0.3061067701373333,0.3248288182806023,0.8679496096670366,0.7107801895661937,,,,,,,,,,,
2018-03-31,0.5708360524543784,0.1992005286870228,-0.9365217368996236,1.0221005453312386,-0.0792487730803124,0.7967160240220185,0.8456713693766287,0.3368828575604998,0.3577649829899371,0.6906171687638784,0.0612614936762831,,,,,,,,,,,
2018-04-30,0.6020278781860253,0.2322473326451011,-0.9365217368996236,1.232669755257146,-0.0792487730803124,1.0949171488875438,0.8563095655779417,0.3606867878786459,0.3855962875952916,0.977077265607442,0.5509124140538153,,,,,,,,,,,
2018-05-31,0.6345494262233056,0.2609726314701996,-1.0256598643897643,1.244368044697474,-0.0792487730803124,0.8470398832593871,0.8132942505030667,0.3922375594245926,0.4190233042377014,0.813385781696834,0.6034282023667479,,,,,,,,,,,
2018-06-30,0.6670709742605831,0.2724627510002391,-0.9365217368996236,1.3847475179814124,0.0352216769245941,1.0476385283117204,0.8193071440081575,0.4304083589288388,0.4386573815607026,0.8406676956819353,-0.1293605728010047,,,,,,,,,,,
2018-07-31,0.6995925222978634,0.282427633424521,-1.0256598643897643,1.490032122944366,0.0352216769245941,1.1013173114982444,0.7661161630015908,0.4762555738315417,0.4642307672739109,0.9907182225999924,-0.565430719099949,,,,,,,,,,,
2018-08-31,0.7078394207352598,0.3052553487740247,-1.0256598643897643,1.490032122944366,-0.4226601230950241,1.2874897835692007,0.7355891652065187,0.5149897799705377,0.4881843416079729,0.8543086526744856,-0.4259948076297122,,,,,,,,,,,
2018-09-30,0.7160863191726536,0.3316419507036274,-1.070228928134835,1.5368252807056788,-0.193719223085219,1.2839542098689345,0.9381774233010906,0.5154123349465998,0.4940254796115657,1.113486835532948,-0.2527329438964992,,,,,,,,,,,
2018-10-31,0.7243332176100501,0.3616382804501908,-1.0256598643897643,1.8175842272735552,-0.0792487730803124,1.2532695592877925,1.1560291802931992,0.5482307714207313,0.5350116160233307,1.2498964054584545,-0.0799694735669555,,,,,,,,,,,
2018-11-30,0.7489989477347799,0.3525885402893634,-1.0256598643897643,1.829282516713884,-0.0792487730803124,1.230739954613833,1.0269832350685744,0.5809787820655189,0.5664752249334403,1.0589230075627454,-1.5415558964292757,,,,,,,,,,,
2018-12-31,0.7736646778595097,0.3613840742658981,-0.981090800644694,1.911170542796181,0.0352216769245941,1.207178065647824,1.094975184703055,0.7109848630338573,0.5130214494215697,0.6224123838011247,-1.4971648363958854,,,,,,,,,,,
2019-01-31,0.7983304079842394,0.3588928536598273,-0.9365217368996236,2.063248305520448,0.1496921269295007,1.0521805791967345,0.6897986685139099,0.7235910864863679,0.531821078458343,0.5405666418458207,-0.040021497145275,,,,,,,,,,,
2019-02-28,0.8290840876688206,0.3896009607224113,-1.0256598643897643,2.063248305520448,0.1496921269295007,0.9353518044441418,0.5404013914259032,0.7546488772269074,0.543552439658836,0.6769762117713274,0.622893563321427,,,,,,,,,,,
2019-03-31,0.8598377673533991,0.4343412491579629,-1.0256598643897643,2.0749465949607755,0.0352216769245941,0.9571071958990648,0.8942370476869715,0.7607054985504598,0.602405586434532,0.2404655880097067,1.0269365774501422,,,,,,,,,,,
2019-04-30,0.8905914470379802,0.4856400571482725,-1.1147979918799056,2.086644884401104,-0.0792487730803124,0.8235812227225826,0.5080242725523412,0.7380988073311545,0.6214506414378437,0.3768751579352127,0.9279883298428188,,,,,,,,,,,
2019-05-31,0.931532871437106,0.4896565148600994,-1.070228928134835,2.051550016080119,-0.0792487730803124,0.8733889398139245,0.8905368055299935,0.7401411563821209,0.6457478121250577,-0.1278402507891608,0.0234463967665779,,,,,,,,,,,
2019-06-30,0.972474295836232,0.4829963128316252,-1.1147979918799056,2.03985172663979,0.0352216769245941,0.8778277622697339,0.8697229433969886,0.7588744269875252,0.6724992424776468,-0.3188136486848701,-0.5278108567139348,,,,,,,,,,,
2019-07-31,1.0134157202353578,0.5097388034192397,-1.070228928134835,2.063248305520448,0.1496921269295007,0.7767671300781819,0.8100565386157099,0.780354304937332,0.7076933260791259,-0.2915317346997688,-0.1073441462170714,,,,,,,,,,,
2019-08-31,1.033978743935978,0.5287534260043504,-1.070228928134835,1.747394490631586,0.1496921269295007,0.9593266071269694,0.8489090812639856,0.8426811639064439,0.72668929588913,-1.000861498312403,-0.5991788847011578,,,,,,,,,,,
2019-09-30,1.0545417676365954,0.5517336650644292,-1.159367055624976,1.6421098856686325,0.2641625769344073,0.8742663814621655,0.9113506676629968,0.8711331989612712,0.7385679126695461,-0.755324272446491,-0.3608858576490512,,,,,,,,,,,
2019-10-31,1.0751047913372156,0.5890002916817698,-1.1147979918799056,1.3964458074217407,0.3786330269393058,0.6674224164429402,0.7517777246432997,0.8864156039288379,0.7596745457917724,-0.7416833154539404,0.0684220385424563,,,,,,,,,,,
2019-11-30,1.0203210086836711,0.6174205430857154,-1.1147979918799056,1.0688937030925514,0.3786330269393058,0.750108388236027,0.8535343839602078,0.9299387664632016,0.7889293210030435,-0.6189147025209845,-0.7378993694225834,,,,,,,,,,,
2019-12-31,0.9655372260301291,0.6587544686517416,-1.1147979918799056,1.0688937030925514,0.3786330269393058,0.6637320000988652,0.8049687056498648,0.8833872932670623,0.8259395567569014,-0.4279413046252754,-0.8446095528036526,,,,,,,,,,,
2020-01-31,0.9107534433765848,0.6801586293692041,-1.159367055624976,1.0688937030925514,0.3786330269393058,0.5449676922986797,0.7004368647152229,0.9760676846832786,0.845377293306672,-0.987220541319852,0.5236806422711628,,,,,,,,,,,
2020-02-29,0.5198754943610352,0.6908861303463655,-1.159367055624976,1.103988571413536,0.3786330269393058,0.6484025783619451,0.583416706500778,1.0345915488678334,0.873306768298642,-1.5055769070367768,0.1982442909533499,,,,,,,,,,,
2020-03-31,0.1289975453454856,0.6337405801173214,-0.7582454819193413,0.0160476534630143,-0.4226601230950241,-0.3398031744161299,-1.9054586743368795,0.8766264136500737,0.3924191294650344,-2.092138057716455,-1.2064789766552175,,,,,,,,,,,
2020-04-30,-0.2618804036700639,0.5304311868206815,3.832368083822922,-0.685849712956677,-3.2844213732176484,-3.672945925011686,-3.180654627685591,2.4525451968724648,-0.453613262383088,-2.1739837996717584,-2.4950497114079604,,,,,,,,,,,
2020-05-31,0.0692784332149339,0.5190427497643597,3.163832127646864,-0.685849712956677,-2.4831282231833187,-3.317969164083491,-1.6057390596216217,1.8730814730330845,0.0603087115464687,-2.160342842679208,-0.5791325478299219,,,,,,,,,,,
2020-06-30,0.4004372700999318,0.5758832525722538,2.183312725255313,-0.6507548446356924,-1.6818350731489804,-1.9197917047183355,-1.1695730153677817,1.766808896553547,0.4569661586644009,-2.146701885686657,0.9785671736582374,,,,,,,,,,,
2020-07-31,0.7315961069849296,0.6415701305935427,1.8267602152947484,-0.6390565551953643,-1.6818350731489804,-1.0187107461891598,-0.3351684089691325,1.8370234484091457,0.6005894342821549,-2.2967524126047145,0.8603505528291563,,,,,,,,,,,
2020-08-31,0.775396640556082,0.6991732519543148,1.0245170678834796,-0.6273582657550361,-1.4528941731391674,-0.7933114710203585,-0.044236869376698,1.3912279486639727,0.6608169664704606,-2.0648561437313533,0.3161149400448459,,,,,,,,,,,
2020-09-30,0.8191971741272319,0.730593136332918,0.801671749158127,-0.6390565551953643,-1.7963055231538871,-0.8052343545935189,0.4127430370101453,1.4338355754168683,0.7739583370442551,-2.1057790147090056,-0.1868196479441762,,,,,,,,,,,
2020-10-31,0.8629977076983842,0.7436593342055737,0.3559811117074217,-0.6390565551953643,-1.4528941731391674,-0.6106745726496684,0.594054902702091,1.384114939900266,0.794966799779867,-1.8466008318505431,-0.4661631483785169,,,,,,,,,,,
2020-11-30,0.933829377794543,0.7704526660300456,0.2668429842172806,-0.6390565551953643,-1.6818350731489804,-0.5349823269352081,0.3202369830856834,1.2386151764763278,0.7630123389366823,-1.901164659820746,-0.7591496690172743,,,,,,,,,,,
2020-12-31,1.004661047890702,0.8325806574712342,0.2668429842172806,-0.6390565551953643,-1.6818350731489804,-0.2718272537847319,0.5214376503713882,1.248474792584436,0.7679699434607402,-1.7783960468877895,-0.3157393981937813,,,,,,,,,,,
2021-01-31,1.0754927179868603,0.8638480181392595,0.0885667292369984,-0.6390565551953643,-1.9107759731587937,0.0188898099634386,0.7064497582203138,2.34901922773733,0.9452165764941338,-1.532858821021878,0.630529970099006,,,,,,,,,,,
2021-02-28,1.1550732378888426,0.914079160155538,0.043997665491928,-0.6507548446356924,-1.7963055231538871,-0.7660075514956738,0.1417002990114715,1.3373521892160964,0.9015307544504562,-1.0827072402677067,0.9792344910010728,,,,,,,,,,,
2021-03-31,1.2346537577908248,0.9789525783870888,-0.0005713982531427,-0.6624531340760206,-1.6818350731489804,-0.0849579898166453,1.120876879801903,3.838314240867057,1.282382769323372,-0.6734785304911871,1.4388671746862949,,,,,,,,,,,
2021-04-30,1.3142342776928069,1.0682297903107596,-0.0005713982531427,-0.6624531340760206,-1.567364623144074,-0.0430214404521708,1.3206899562787429,1.7613156818647442,1.3282774250658873,-0.796247143424143,1.7632991255682744,,,,,,,,,,,
2021-05-31,1.3453717597286932,1.1584221444978835,-0.1342785894883542,-0.6741514235163487,-1.6818350731489804,0.1515383414916759,0.637070217776966,1.4272859732879102,1.355421536964936,-0.8917338423719974,1.7056471455175497,,,,,,,,,,,
2021-06-30,1.3765092417645823,1.2659513604537842,-0.0897095257432834,-0.6507548446356924,-1.4528941731391674,0.2583281515041006,-0.019722765086716,1.369677644884822,1.4497632785019574,-1.069066283275156,2.0694809947643384,,,,,,,,,,,
2021-07-31,1.4076467238004686,1.3272150508683742,-0.312554844468636,-0.6273582657550361,-1.3384237231342688,0.4338422882596539,-0.3388686511261106,1.4494701095311533,1.483043039564444,-1.3555263801187196,0.7895811571369427,,,,,,,,,,,
2021-08-31,1.4885768596824236,1.3834454588339653,-0.4016929719587772,-0.6390565551953643,-1.4528941731391674,0.4247065722750254,-1.0701290073989846,1.4357370728091456,1.5410126528606052,-1.2736806381634156,0.0054920102375942,,,,,,,,,,,
2021-09-30,1.5695069955643783,1.4423196111162035,-0.5799692269390594,-0.6507548446356924,-1.4528941731391674,0.1699388089974433,-1.4193393609638298,1.2792508800076023,1.600896588695759,-0.9735795843273014,0.1912029832300001,,,,,,,,,,,
2021-10-31,1.6504371314463333,1.5691176558415048,-0.7136764181742709,-0.6507548446356924,-1.3384237231342688,0.5597293576749762,-0.9887236799454576,1.282560893986752,1.701864831329293,-0.9326567133496494,1.788784737590143,,,,,,,,,,,
2021-11-30,1.630520894767573,1.680409123324941,-0.8473836094094823,-0.6507548446356924,-1.2239532731293623,0.7147784583406661,-1.0442273123001355,1.25340460063849,1.743194564094211,-1.0963481972602571,0.8189790784395004,,,,,,,,,,,
2021-12-31,1.610604658088815,1.791039654729214,-0.981090800644694,-0.6507548446356924,-1.1094828231244556,0.6625706802703124,-1.2153635120603905,1.2112195288616563,1.7257693204700475,-0.9735795843273014,0.2930622148912004,,,,,,,,,,,
2022-01-31,1.5906884214100545,1.8780798522311053,-0.9365217368996236,-0.6507548446356924,-0.8805419231146424,0.762521606847912,-0.1154665308985339,0.9676165851620432,1.825510433270892,-0.6052737455284337,1.819197191785929,,,,,,,,,,,
2022-02-28,1.5836972505139757,1.980321579553714,-1.0256598643897643,-0.6507548446356924,-0.8805419231146424,0.9567717035041488,-0.755608424055813,0.9590950598114636,1.883872728113514,-0.5507099175582311,2.024719134454314,,,,,,,,,,,
2022-03-31,1.5767060796178969,2.125829199442973,-1.1147979918799056,-0.5103753713517541,-0.6516010231048374,1.1304535356413177,-0.8291507369257608,0.9157831747651318,1.986804378479348,0.1176969750767504,3.229558871782689,,,,,,,,,,,
2022-04-30,1.569714908721818,2.183737368224898,-1.1147979918799056,-0.3582976086274877,-0.8805419231146424,1.3108968298914012,-0.4905785795622284,0.9095152759535492,2.016942687170154,0.895231523652138,1.0101306066381075,,,,,,,,,,,
2022-05-31,1.6083843299477556,2.318822534558149,-1.1147979918799056,0.1564271267469525,-0.7660714731097439,1.2834638748302098,-1.275029916841669,0.896275220036946,2.07363608544032,0.8406676956819353,2.5645300213282325,,,,,,,,,,,
2022-06-30,1.647053751173691,2.494733214088843,-1.1147979918799056,0.6711518621213928,-0.8805419231146424,1.2271527666989626,-1.0544029782318265,0.8516956700624292,2.1748988392337,1.0180001365850937,3.3394600546956066,,,,,,,,,,,
2022-07-31,1.6857231723996282,2.489649090402984,-1.159367055624976,1.2209714658168176,-0.995012373119549,1.3654788618334683,-0.9225818513894676,0.9412068991581822,2.166505271178116,0.5951304698160234,-0.6184484635238395,,,,,,,,,,,
2022-08-31,1.7179489839854258,2.5248312263091224,-1.070228928134835,1.98136027943815,-0.7660714731097439,1.3363942519049996,-0.9535713794541626,0.9759972588539348,2.230610533637716,1.2498964054584545,-0.6859496916984267,,,,,,,,,,,
2022-09-30,1.750174795571226,2.5868066940397334,-1.159367055624976,2.2504209365656984,-0.7660714731097439,1.38911817212138,-0.7801225283457959,0.9919134962855952,2.282591753350361,2.177481480951899,0.0297388295894325,,,,,,,,,,,
2022-10-31,1.7824006071570235,2.6604248050109613,-1.070228928134835,2.8587319874627646,-0.8805419231146424,1.3939441011867058,-0.012322280772759,1.0645929521682198,2.347286038129649,2.545787319750766,0.5741678336572748,,,,,,,,,,,
2022-11-30,1.7824006071570235,2.691488800731554,-1.1147979918799056,3.6776122482857367,-0.8805419231146424,1.237011081688027,-0.4387751893645295,1.098397350253162,2.33393486555001,1.9728671260636397,-0.8732512536094134,,,,,,,,,,,
2022-12-31,1.7824006071570235,2.711418565580118,-1.159367055624976,4.051957510376239,-0.7660714731097439,0.9637138153681746,-0.8902047325159057,1.1204406348377185,2.322547100702669,2.245686265914652,-1.461776892361405,,,,,,,,,,,
2023-01-31 00:00:00,,,,,,,,,,,,1.7820110847555988,2.7625337685055733,-1.159367055624976,4.414034956429523,-0.7955458906607739,0.945853375614035,-0.7899434058341728,1.1725762495724588,2.3512852161625584,2.3021274405672867,0.384301419774016
2023-02-28 00:00:00,,,,,,,,,,,,1.8111268181740954,2.8250450159627736,-1.159367055624976,4.8342759633254815,-0.7964000388595119,1.0186645929814464,-0.933825087020338,1.2267541498987435,2.3866174080585485,2.3388851227360785,1.1225400106912957
2023-03-31 00:00:00,,,,,,,,,,,,1.841009583134795,2.887556263419974,-1.159367055624976,5.176631455228467,-0.8090889651961972,1.051671006454432,-0.917081648566576,1.1876976229257632,2.411735968152274,2.356196033390953,1.4824365062044318
2023-04-30 00:00:00,,,,,,,,,,,,1.8707940563617536,2.950067510877174,-1.159367055624976,5.426351461154596,-0.8068751206018345,1.051671006454432,-0.7950404521051024,1.2654369750807646,2.433162643040926,2.354445566437491,0.7565154468007955
2023-05-31 00:00:00,,,,,,,,,,,,1.8921105650385026,3.0125787583343744,-1.159367055624976,5.576176775129583,-0.812864029888871,1.051671006454432,-0.7626888798233588,1.3038886917536046,2.4568302540584726,2.334160714537802,1.1132046483794178
2023-06-30 00:00:00,,,,,,,,,,,,1.9129481593553936,3.0750900057915747,-1.159367055624976,5.626081270806364,-0.8106770530379315,1.051671006454432,-0.7626888798233588,1.3355423462558393,2.4819451111954027,2.296002056401105,1.2963906262187017
2023-07-31 00:00:00,,,,,,,,,,,,1.9338691843670688,3.137601253248775,-1.159367055624976,5.582567010745015,-0.8137365055469556,1.051671006454432,-0.7626888798233588,1.3388726520839658,2.5066818602600702,2.240754894687875,0.30464256865553196
2023-08-31 00:00:00,,,,,,,,,,,,1.9572241224352718,3.200112500705975,-1.159367055624976,5.457601872744084,-0.8121584167608119,1.051671006454432,-0.7626888798233588,1.3567185499194931,2.530940452942982,2.1693196380440725,0.3154423154232524
2023-09-30 00:00:00,,,,,,,,,,,,1.980790358712457,3.2626237481631755,-1.159367055624976,5.267303997188534,-0.8138152935805637,1.051671006454432,-0.7626888798233588,1.3795405822242404,2.5552211449009476,2.0827015242913296,0.5037106671903192
2023-10-31 00:00:00,,,,,,,,,,,,2.004319056682827,3.3251349956203757,-1.159367055624976,5.030483704595037,-0.812788843573733,1.051671006454432,-0.7626888798233588,1.388074084682588,2.5796414896010447,1.981999784440314,0.5478070431994873
2023-11-30 00:00:00,,,,,,,,,,,,2.0271471603141977,3.387646243077576,-1.159367055624976,4.767152031603701,-0.8137211667987352,1.051671006454432,-0.7626888798233588,1.4047499745981007,2.604080451210783,1.8683963489701378,-0.05549202431046907
2023-12-31 00:00:00,,,,,,,,,,,,2.049893500882872,3.4501574905347763,-1.159367055624976,4.497096551096703,-0.8130831580450336,1.051671006454432,-0.7626888798233588,1.4230654089236605,2.6284830934260466,1.743144198735736,-0.149939911288339
2024-01-31 00:00:00,,,,,,,,,,,,2.0726538804474717,3.5126687379919765,-1.159367055624976,4.238610913932679,-0.8136200932865398,1.051671006454432,-0.7626888798233588,1.4364082456526108,2.652873978698031,1.6075554629433688,0.9363376716303957
2024-02-29 00:00:00,,,,,,,,,,,,2.095616196183398,3.575179985449177,-1.159367055624976,4.007446066474781,-0.81323220452846,1.051671006454432,-0.7626888798233588,1.453344572366972,2.677273077074186,1.462989365893789,1.191395509667933
2024-03-31 00:00:00,,,,,,,,,,,,2.1186080318260694,3.637691232906377,-1.159367055624976,3.8160299824506776,-0.8135456006500049,1.051671006454432,-0.7626888798233588,1.4693876900669245,2.7016769761618593,1.3108401226611057,1.3830683612910795
2024-04-30 00:00:00,,,,,,,,,,,,2.1415950808606015,3.7002024803635774,-1.159367055624976,3.672980635887563,-0.8133124356116922,1.051671006454432,-0.7626888798233588,1.4863432355563801,2.7260793997371904,1.1525248815864906,0.8957004249382348
2024-05-31 00:00:00,,,,,,,,,,,,2.1645238528239417,3.7627137278207776,-1.159367055624976,3.5829153753073664,-0.813496736125534,1.051671006454432,-0.7626888798233588,1.50318016399475,2.750480197766463,0.9894718084582008,1.1280866872246205
2024-06-30 00:00:00,,,,,,,,,,,,2.1874424135761688,3.825224975277978,-1.159367055624976,3.5465401932532568,-0.8133574104770407,1.051671006454432,-0.7626888798233588,1.5202657185071655,2.7748811248780267,0.8231084035663077,1.1983891319958062
2024-07-31 00:00:00,,,,,,,,,,,,2.2103625144834993,3.887736222735178,-1.159367055624976,3.560985718250632,-0.8134662429565835,1.051671006454432,-0.7626888798233588,1.5373554917770007,2.7992825363704092,0.6548501385095338,0.48199992869231656
2024-08-31 00:00:00,,,,,,,,,,,,2.23329945251267,3.9502474701923784,-1.159367055624976,3.620343883986213,-0.8133832540866508,1.051671006454432,-0.7626888798233588,1.554518738256641,2.8236839975533314,0.48608949474398777,0.4970415540330189
2024-09-30 00:00:00,,,,,,,,,,,,2.2562398217048494,4.012758717649579,-1.159367055624976,3.7163506227862193,-0.8134476671603464,1.051671006454432,-0.7626888798233588,1.5716947326070345,2.8480853301114233,0.31818548045385064,0.634072118252159
2024-10-31 00:00:00,,,,,,,,,,,,2.279179715614465,4.075269965106779,-1.159367055624976,3.8391557329324812,-0.8133983192250509,1.051671006454432,-0.7626888798233588,1.5888942416272152,2.8724866256420745,0.15245369644936996,0.6283725232910076
2024-11-30 00:00:00,,,,,,,,,,,,2.302114740122551,4.137781212563979,-1.159367055624976,3.9781211252801887,-0.8134364894349753,1.051671006454432,-0.7626888798233588,1.6061011684331763,2.8968879510809145,-0.009842984482770434,0.1181081305285675
2024-12-31 00:00:00,,,,,,,,,,,,2.325048635536945,4.2002924600211795,-1.159367055624976,4.122592544860681,-0.8134071724112658,1.051671006454432,-0.7626888798233588,1.6233161439809725,2.9212892923594977,-0.16750306697654163,0.07112696942926014
